date,region,population,child_mort,marriages,work_age_mort
2005-01-01,Российская Федерация,143236,143236.0,567,827.8
2005-01-01,Центральный  федеральный округ,38109,38109.0,576,793.7
2005-01-01,Белгородская область,1512,1512.0,503,618.6
2005-01-01,Брянская область,1327,1327.0,575,1021.3
2005-01-01,Владимирская область,1486,1486.0,570,1040.3
2005-01-01,Воронежская область,2361,2361.0,629,787.5
2005-01-01,Ивановская область,1102,1102.0,646,1168.1
2005-01-01,Калужская область,1023,1023.0,595,956.6
2005-01-01,Костромская область,700,700.0,497,1062.1
2005-01-01,Курская область,1178,1178.0,616,877.2
2005-01-01,Липецкая область,1194,1194.0,583,812.7
2005-01-01,Московская область,6784,6784.0,603,813.7
2005-01-01,Орловская область,822,822.0,499,910.9
2005-01-01,Рязанская область,1189,1189.0,568,1004.9
2005-01-01,Смоленская область,1025,1025.0,643,1102.1
2005-01-01,Тамбовская область,1139,1139.0,537,867.3
2005-01-01,Тверская область,1415,1415.0,569,1192.3
2005-01-01,Тульская область,1615,1615.0,632,1128.8
2005-01-01,Ярославская область,1313,1313.0,540,1031.0
2005-01-01,г. Москва,10924,10924.0,552,485.4
2005-01-01,Северо-Западный  федеральный округ,13716,13716.0,608,977.3
2005-01-01,Республика Карелия,676,676.0,612,1191.9
2005-01-01,Республика Коми,963,963.0,599,1069.3
2005-01-01,Архангельская область,1282,1282.0,538,1051.6
2005-01-01,Ненецкий автономный округ,42,42.0,570,893.9
2005-01-01,Архангельская область  без автономного округа,1240,1240.0,537,1057.0
2005-01-01,Вологодская область,1235,1235.0,649,1045.7
2005-01-01,Калининградская область,936,936.0,559,1136.4
2005-01-01,Ленинградская область,1685,1685.0,664,1125.6
2005-01-01,Мурманская область,839,839.0,776,927.9
2005-01-01,Новгородская область,666,666.0,555,1191.8
2005-01-01,Псковская область,721,721.0,517,1327.2
2005-01-01,г. Санкт-Петербург,4713,4713.0,597,731.8
2005-01-01,Южный  федеральный округ,13837,13837.0,572,695.3
2005-01-01,Республика Адыгея,441,441.0,510,633.1
2005-01-01,Республика Калмыкия,294,294.0,457,615.0
2005-01-01,Краснодарский край,5127,5127.0,572,677.4
2005-01-01,Астраханская область,1003,1003.0,527,804.6
2005-01-01,Волгоградская область,2640,2640.0,574,722.5
2005-01-01,Ростовская область,4332,4332.0,596,686.0
2005-01-01,Северо-Кавказский  федеральный округ,9037,9037.0,301,423.2
2005-01-01,Республика Дагестан,2693,2693.0,171,245.9
2005-01-01,Республика Ингушетия ,417,417.0,99,212.5
2005-01-01,Кабардино-Балкарская  Республика,866,866.0,387,499.7
2005-01-01,Карачаево-Черкесская Республика,455,455.0,368,492.0
2005-01-01,Республика Северная Осетия –  Алания,707,707.0,345,534.4
2005-01-01,Чеченская Республика ,1152,1152.0,32,293.8
2005-01-01,Ставропольский край,2747,2747.0,539,612.5
2010-01-01,Российская Федерация,142865,142865.0,526,634.0
2010-01-01,Центральный  федеральный округ,38445,38445.0,545,599.3
2010-01-01,Белгородская область,1532,1532.0,510,502.9
2010-01-01,Брянская область,1275,1275.0,612,720.2
2010-01-01,Владимирская область,1441,1441.0,541,800.8
2010-01-01,Воронежская область,2335,2335.0,594,617.0
2010-01-01,Ивановская область,1060,1060.0,567,787.3
2010-01-01,Калужская область,1009,1009.0,566,716.8
2010-01-01,Костромская область,666,666.0,500,750.7
2010-01-01,Курская область,1126,1126.0,565,680.2
2010-01-01,Липецкая область,1172,1172.0,538,682.6
2010-01-01,Московская область,7106,7106.0,585,624.2
2010-01-01,Орловская область,786,786.0,553,692.8
2010-01-01,Рязанская область,1152,1152.0,575,745.5
2010-01-01,Смоленская область,983,983.0,601,840.9
2010-01-01,Тамбовская область,1090,1090.0,554,678.9
2010-01-01,Тверская область,1350,1350.0,548,879.0
2010-01-01,Тульская область,1550,1550.0,603,811.4
2010-01-01,Ярославская область,1271,1271.0,543,714.2
2010-01-01,г. Москва,11541,11541.0,489,389.3
2010-01-01,Северо-Западный  федеральный округ,13626,13626.0,550,682.5
2010-01-01,Республика Карелия,643,643.0,532,908.0
2010-01-01,Республика Коми,899,899.0,568,796.6
2010-01-01,Архангельская область,1225,1225.0,531,766.8
2010-01-01,Ненецкий автономный округ,42,42.0,643,908.1
2010-01-01,Архангельская область  без автономного округа,1183,1183.0,528,761.7
2010-01-01,Вологодская область,1201,1201.0,511,803.8
2010-01-01,Калининградская область,942,942.0,584,659.2
2010-01-01,Ленинградская область,1719,1719.0,731,744.4
2010-01-01,Мурманская область,794,794.0,677,689.6
2010-01-01,Новгородская область,633,633.0,519,959.9
2010-01-01,Псковская область,671,671.0,540,978.2
2010-01-01,г. Санкт-Петербург,4899,4899.0,501,488.8
2010-01-01,Южный  федеральный округ,13851,13851.0,550,561.4
2010-01-01,Республика Адыгея,440,440.0,492,564.8
2010-01-01,Республика Калмыкия,289,289.0,475,549.0
2010-01-01,Краснодарский край,5230,5230.0,520,522.5
2010-01-01,Астраханская область,1010,1010.0,576,614.0
2010-01-01,Волгоградская область,2607,2607.0,552,585.1
2010-01-01,Ростовская область,4275,4275.0,594,581.9
2010-01-01,Северо-Кавказский  федеральный округ,9439,9439.0,313,349.9
2010-01-01,Республика Дагестан,2914,2914.0,190,241.5
2010-01-01,Республика Ингушетия ,415,415.0,114,231.4
2010-01-01,Кабардино-Балкарская  Республика,860,860.0,333,401.7
2010-01-01,Карачаево-Черкесская Республика,477,477.0,407,396.2
2010-01-01,Республика Северная Осетия –  Алания,712,712.0,360,416.5
2010-01-01,Чеченская Республика ,1275,1275.0,93,270.3
2010-01-01,Ставропольский край,2786,2786.0,587,474.4
2011-01-01,Российская Федерация,143056,143056.0,509,600.9
2011-01-01,Центральный  федеральный округ,38538,38538.0,514,554.6
2011-01-01,Белгородская область,1536,1536.0,466,489.9
2011-01-01,Брянская область,1264,1264.0,558,687.0
2011-01-01,Владимирская область,1432,1432.0,527,754.6
2011-01-01,Воронежская область,2332,2332.0,554,592.2
2011-01-01,Ивановская область,1054,1054.0,569,704.0
2011-01-01,Калужская область,1008,1008.0,579,665.7
2011-01-01,Костромская область,662,662.0,481,674.5
2011-01-01,Курская область,1122,1122.0,549,666.6
2011-01-01,Липецкая область,1166,1166.0,514,633.2
2011-01-01,Московская область,7199,7199.0,553,575.6
2011-01-01,Орловская область,781,781.0,512,656.7
2011-01-01,Рязанская область,1148,1148.0,512,677.6
2011-01-01,Смоленская область,981,981.0,575,753.1
2011-01-01,Тамбовская область,1082,1082.0,535,625.8
2011-01-01,Тверская область,1342,1342.0,533,820.5
2011-01-01,Тульская область,1545,1545.0,552,731.6
2011-01-01,Ярославская область,1271,1271.0,524,639.2
2011-01-01,г. Москва,11613,11613.0,454,359.5
2011-01-01,Северо-Западный  федеральный округ,13660,13660.0,526,628.2
2011-01-01,Республика Карелия,640,640.0,532,789.4
2011-01-01,Республика Коми,890,890.0,510,741.2
2011-01-01,Архангельская область,1213,1213.0,529,714.0
2011-01-01,Ненецкий автономный округ,42,42.0,597,824.9
2011-01-01,Архангельская область  без автономного округа,1171,1171.0,527,709.9
2011-01-01,Вологодская область,1198,1198.0,469,723.7
2011-01-01,Калининградская область,947,947.0,597,598.7
2011-01-01,Ленинградская область,1734,1734.0,725,683.3
2011-01-01,Мурманская область,788,788.0,645,657.7
2011-01-01,Новгородская область,630,630.0,490,849.7
2011-01-01,Псковская область,667,667.0,525,865.5
2011-01-01,г. Санкт-Петербург,4953,4953.0,473,467.8
2011-01-01,Южный  федеральный округ,13884,13884.0,521,545.6
2011-01-01,Республика Адыгея,443,443.0,497,514.7
2011-01-01,Республика Калмыкия,287,287.0,540,526.1
2011-01-01,Краснодарский край,5284,5284.0,490,518.5
2011-01-01,Астраханская область,1015,1015.0,574,600.0
2011-01-01,Волгоградская область,2595,2595.0,552,561.7
2011-01-01,Ростовская область,4260,4260.0,532,560.0
2011-01-01,Северо-Кавказский  федеральный округ,9493,9493.0,318,338.0
2011-01-01,Республика Дагестан,2931,2931.0,195,237.2
2011-01-01,Республика Ингушетия ,430,430.0,132,204.5
2011-01-01,Кабардино-Балкарская  Республика,859,859.0,359,397.7
2011-01-01,Карачаево-Черкесская Республика,475,475.0,463,399.1
2011-01-01,Республика Северная Осетия –  Алания,709,709.0,357,442.1
2011-01-01,Чеченская Республика ,1302,1302.0,111,247.4
2011-01-01,Ставропольский край,2787,2787.0,528,450.1
2012-01-01,Российская Федерация,143347,143347.0,531,575.7
2012-01-01,Центральный  федеральный округ,38679,38679.0,540,538.5
2012-01-01,Белгородская область,1541,1541.0,558,475.2
2012-01-01,Брянская область,1254,1254.0,665,681.6
2012-01-01,Владимирская область,1422,1422.0,564,715.3
2012-01-01,Воронежская область,2330,2330.0,611,573.8
2012-01-01,Ивановская область,1049,1049.0,557,657.9
2012-01-01,Калужская область,1006,1006.0,616,648.6
2012-01-01,Костромская область,659,659.0,528,631.4
2012-01-01,Курская область,1119,1119.0,605,649.3
2012-01-01,Липецкая область,1162,1162.0,542,616.1
2012-01-01,Московская область,7048,7048.0,549,565.6
2012-01-01,Орловская область,776,776.0,631,632.7
2012-01-01,Рязанская область,1144,1144.0,582,629.9
2012-01-01,Смоленская область,975,975.0,617,693.4
2012-01-01,Тамбовская область,1076,1076.0,594,605.3
2012-01-01,Тверская область,1334,1334.0,577,747.8
2012-01-01,Тульская область,1532,1532.0,606,719.5
2012-01-01,Ярославская область,1272,1272.0,532,632.2
2012-01-01,г. Москва,11980,11980.0,457,364.3
2012-01-01,Северо-Западный  федеральный округ,13717,13717.0,535,595.3
2012-01-01,Республика Карелия,637,637.0,535,793.1
2012-01-01,Республика Коми,880,880.0,602,721.8
2012-01-01,Архангельская область,1202,1202.0,603,656.4
2012-01-01,Ненецкий автономный округ,43,43.0,599,833.2
2012-01-01,Архангельская область  без автономного округа,1159,1159.0,603,649.7
2012-01-01,Вологодская область,1196,1196.0,528,669.2
2012-01-01,Калининградская область,955,955.0,571,579.9
2012-01-01,Ленинградская область,1751,1751.0,736,651.4
2012-01-01,Мурманская область,780,780.0,661,602.4
2012-01-01,Новгородская область,626,626.0,531,783.8
2012-01-01,Псковская область,662,662.0,559,845.6
2012-01-01,г. Санкт-Петербург,5028,5028.0,450,445.6
2012-01-01,Южный  федеральный округ,13910,13910.0,535,510.5
2012-01-01,Республика Адыгея,445,445.0,522,451.5
2012-01-01,Республика Калмыкия,284,284.0,551,509.9
2012-01-01,Краснодарский край,5330,5330.0,539,490.4
2012-01-01,Астраханская область,1014,1014.0,571,563.4
2012-01-01,Волгоградская область,2583,2583.0,564,533.1
2012-01-01,Ростовская область,4254,4254.0,503,514.8
2012-01-01,Северо-Кавказский  федеральный округ,9541,9541.0,346,311.0
2012-01-01,Республика Дагестан,2946,2946.0,206,227.7
2012-01-01,Республика Ингушетия ,442,442.0,171,182.2
2012-01-01,Кабардино-Балкарская  Республика,859,859.0,386,355.3
2012-01-01,Карачаево-Черкесская Республика,472,472.0,491,367.4
2012-01-01,Республика Северная Осетия –  Алания,706,706.0,399,381.7
2012-01-01,Чеченская Республика ,1325,1325.0,134,232.3
2012-01-01,Ставропольский край,2791,2791.0,561,414.8
2013-01-01,Российская Федерация,143667,143667.0,545,560.9
2013-01-01,Центральный  федеральный округ,38820,38820.0,553,521.9
2013-01-01,Белгородская область,1544,1544.0,573,478.0
2013-01-01,Брянская область,1242,1242.0,588,652.0
2013-01-01,Владимирская область,1413,1413.0,608,679.5
2013-01-01,Воронежская область,2329,2329.0,621,576.3
2013-01-01,Ивановская область,1043,1043.0,585,634.3
2013-01-01,Калужская область,1005,1005.0,528,631.1
2013-01-01,Костромская область,656,656.0,577,608.6
2013-01-01,Курская область,1119,1119.0,504,630.9
2013-01-01,Липецкая область,1160,1160.0,604,593.4
2013-01-01,Московская область,7134,7134.0,576,551.7
2013-01-01,Орловская область,770,770.0,527,607.8
2013-01-01,Рязанская область,1141,1141.0,605,582.1
2013-01-01,Смоленская область,968,968.0,636,685.3
2013-01-01,Тамбовская область,1069,1069.0,628,604.6
2013-01-01,Тверская область,1325,1325.0,583,736.3
2013-01-01,Тульская область,1522,1522.0,653,682.1
2013-01-01,Ярославская область,1272,1272.0,584,601.6
2013-01-01,г. Москва,12108,12108.0,473,352.6
2013-01-01,Северо-Западный  федеральный округ,13801,13801.0,570,563.9
2013-01-01,Республика Карелия,634,634.0,617,722.9
2013-01-01,Республика Коми,872,872.0,612,682.4
2013-01-01,Архангельская область,1192,1192.0,640,627.2
2013-01-01,Ненецкий автономный округ,43,43.0,725,739.2
2013-01-01,Архангельская область  без автономного округа,1149,1149.0,637,622.9
2013-01-01,Вологодская область,1193,1193.0,533,659.5
2013-01-01,Калининградская область,963,963.0,640,565.3
2013-01-01,Ленинградская область,1764,1764.0,800,628.1
2013-01-01,Мурманская область,771,771.0,681,570.3
2013-01-01,Новгородская область,623,623.0,506,804.5
2013-01-01,Псковская область,657,657.0,604,766.6
2013-01-01,г. Санкт-Петербург,5132,5132.0,486,413.5
2013-01-01,Южный  федеральный округ,13964,13964.0,562,493.4
2013-01-01,Республика Адыгея,446,446.0,576,488.6
2013-01-01,Республика Калмыкия,282,282.0,643,505.5
2013-01-01,Краснодарский край,5404,5404.0,556,473.5
2013-01-01,Астраханская область,1017,1017.0,612,508.7
2013-01-01,Волгоградская область,2569,2569.0,622,514.6
2013-01-01,Ростовская область,4246,4246.0,518,501.6
2013-01-01,Северо-Кавказский  федеральный округ,9590,9590.0,357,299.5
2013-01-01,Республика Дагестан,2964,2964.0,230,211.5
2013-01-01,Республика Ингушетия ,453,453.0,176,166.7
2013-01-01,Кабардино-Балкарская  Республика,859,859.0,343,370.1
2013-01-01,Карачаево-Черкесская Республика,470,470.0,433,352.7
2013-01-01,Республика Северная Осетия –  Алания,704,704.0,386,388.5
2013-01-01,Чеченская Республика ,1346,1346.0,152,219.7
2013-01-01,Ставропольский край,2794,2794.0,581,399.9
2014-01-01,Российская Федерация,146267,146267.0,566,565.6
2014-01-01,Центральный  федеральный округ,38951,38951.0,554,528.2
2014-01-01,Белгородская область,1548,1548.0,580,494.5
2014-01-01,Брянская область,1233,1233.0,696,693.3
2014-01-01,Владимирская область,1406,1406.0,589,690.4
2014-01-01,Воронежская область,2331,2331.0,600,597.7
2014-01-01,Ивановская область,1037,1037.0,608,642.3
2014-01-01,Калужская область,1011,1011.0,600,652.9
2014-01-01,Костромская область,654,654.0,614,623.1
2014-01-01,Курская область,1117,1117.0,619,637.4
2014-01-01,Липецкая область,1158,1158.0,626,613.9
2014-01-01,Московская область,7231,7231.0,552,552.2
2014-01-01,Орловская область,765,765.0,646,656.1
2014-01-01,Рязанская область,1135,1135.0,595,602.0
2014-01-01,Смоленская область,965,965.0,666,689.7
2014-01-01,Тамбовская область,1062,1062.0,637,594.2
2014-01-01,Тверская область,1315,1315.0,628,748.9
2014-01-01,Тульская область,1514,1514.0,645,674.7
2014-01-01,Ярославская область,1272,1272.0,607,611.1
2014-01-01,г. Москва,12197,12197.0,452,351.9
2014-01-01,Северо-Западный  федеральный округ,13844,13844.0,560,565.2
2014-01-01,Республика Карелия,633,633.0,617,722.7
2014-01-01,Республика Коми,864,864.0,639,700.1
2014-01-01,Архангельская область,1183,1183.0,633,633.6
2014-01-01,Ненецкий автономный округ,43,43.0,723,570.6
2014-01-01,Архангельская область  без автономного округа,1140,1140.0,630,636.0
2014-01-01,Вологодская область,1191,1191.0,573,648.8
2014-01-01,Калининградская область,969,969.0,608,594.7
2014-01-01,Ленинградская область,1776,1776.0,752,632.8
2014-01-01,Мурманская область,766,766.0,698,617.6
2014-01-01,Новгородская область,619,619.0,574,762.6
2014-01-01,Псковская область,651,651.0,611,766.9
2014-01-01,г. Санкт-Петербург,5192,5192.0,463,409.2
2014-01-01,Южный  федеральный округ,16299,16299.0,545,510.2
2014-01-01,Республика Адыгея,449,449.0,609,463.8
2014-01-01,Республика Калмыкия,281,281.0,685,452.4
2014-01-01,Республика Крым,1896,1896.0,308,558.2
2014-01-01,Краснодарский край,5454,5454.0,558,480.7
2014-01-01,Астраханская область,1021,1021.0,619,544.1
2014-01-01,Волгоградская область,2557,2557.0,622,525.9
2014-01-01,Ростовская область,4242,4242.0,601,519.0
2014-01-01,г. Севастополь,399,399.0,252,498.9
2014-01-01,Северо-Кавказский  федеральный округ,9659,9659.0,383,302.8
2014-01-01,Республика Дагестан,2990,2990.0,251,207.7
2014-01-01,Республика Ингушетия ,464,464.0,183,164.2
2014-01-01,Кабардино-Балкарская  Республика,861,861.0,376,352.2
2014-01-01,Карачаево-Черкесская Республика,469,469.0,563,374.4
2014-01-01,Республика Северная Осетия –  Алания,706,706.0,456,396.4
2014-01-01,Чеченская Республика ,1370,1370.0,142,231.8
2014-01-01,Ставропольский край,2799,2799.0,601,412.9
2015-01-01,Российская Федерация,146545,146545.0,527,546.7
2015-01-01,Центральный  федеральный округ,39104,39104.0,516,496.8
2015-01-01,Белгородская область,1550,1550.0,527,465.9
2015-01-01,Брянская область,1226,1226.0,604,634.4
2015-01-01,Владимирская область,1397,1397.0,547,654.0
2015-01-01,Воронежская область,2333,2333.0,532,561.5
2015-01-01,Ивановская область,1030,1030.0,558,614.0
2015-01-01,Калужская область,1010,1010.0,540,600.4
2015-01-01,Костромская область,651,651.0,554,592.4
2015-01-01,Курская область,1120,1120.0,559,614.7
2015-01-01,Липецкая область,1156,1156.0,565,566.2
2015-01-01,Московская область,7319,7319.0,531,495.3
2015-01-01,Орловская область,760,760.0,597,625.3
2015-01-01,Рязанская область,1130,1130.0,571,560.5
2015-01-01,Смоленская область,959,959.0,615,661.5
2015-01-01,Тамбовская область,1050,1050.0,590,564.4
2015-01-01,Тверская область,1305,1305.0,584,723.3
2015-01-01,Тульская область,1506,1506.0,563,660.0
2015-01-01,Ярославская область,1272,1272.0,544,585.1
2015-01-01,г. Москва,12330,12330.0,437,340.7
2015-01-01,Северо-Западный  федеральный округ,13854,13854.0,520,558.2
2015-01-01,Республика Карелия,630,630.0,552,749.7
2015-01-01,Республика Коми,857,857.0,587,701.1
2015-01-01,Архангельская область,1174,1174.0,568,640.3
2015-01-01,Ненецкий автономный округ,44,44.0,565,590.0
2015-01-01,Архангельская область  без автономного округа,1130,1130.0,568,642.3
2015-01-01,Вологодская область,1188,1188.0,488,623.8
2015-01-01,Калининградская область,976,976.0,628,584.8
2015-01-01,Ленинградская область,1779,1779.0,729,587.4
2015-01-01,Мурманская область,762,762.0,645,635.4
2015-01-01,Новгородская область,616,616.0,553,757.5
2015-01-01,Псковская область,646,646.0,571,719.4
2015-01-01,г. Санкт-Петербург,5226,5226.0,433,414.2
2015-01-01,Южный  федеральный округ,16368,16368.0,522,507.9
2015-01-01,Республика Адыгея,451,451.0,567,476.3
2015-01-01,Республика Калмыкия,279,279.0,562,472.5
2015-01-01,Республика Крым,1907,1907.0,326,590.7
2015-01-01,Краснодарский край,5514,5514.0,550,476.1
2015-01-01,Астраханская область,1019,1019.0,581,537.3
2015-01-01,Волгоградская область,2546,2546.0,589,515.8
2015-01-01,Ростовская область,4236,4236.0,556,496.7
2015-01-01,г. Севастополь,416,416.0,349,609.2
2015-01-01,Северо-Кавказский  федеральный округ,9718,9718.0,379,289.4
2015-01-01,Республика Дагестан,3015,3015.0,252,203.7
2015-01-01,Республика Ингушетия ,473,473.0,197,152.0
2015-01-01,Кабардино-Балкарская  Республика,862,862.0,403,341.1
2015-01-01,Карачаево-Черкесская Республика,468,468.0,581,353.6
2015-01-01,Республика Северная Осетия –  Алания,704,704.0,438,380.4
2015-01-01,Чеченская Республика ,1394,1394.0,134,224.4
2015-01-01,Ставропольский край,2802,2802.0,581,390.3
2016-01-01,Российская Федерация,146804,146804.0,617,525.3
2016-01-01,Центральный  федеральный округ,39209,39209.0,606,479.5
2016-01-01,Белгородская область,1553,1553.0,713,451.6
2016-01-01,Брянская область,1221,1221.0,763,606.6
2016-01-01,Владимирская область,1390,1390.0,626,634.4
2016-01-01,Воронежская область,2335,2335.0,663,537.2
2016-01-01,Ивановская область,1023,1023.0,644,593.0
2016-01-01,Калужская область,1014,1014.0,651,572.9
2016-01-01,Костромская область,648,648.0,661,569.0
2016-01-01,Курская область,1123,1123.0,718,606.0
2016-01-01,Липецкая область,1156,1156.0,678,544.5
2016-01-01,Московская область,7423,7423.0,616,480.6
2016-01-01,Орловская область,755,755.0,711,594.5
2016-01-01,Рязанская область,1127,1127.0,669,558.8
2016-01-01,Смоленская область,953,953.0,731,644.0
2016-01-01,Тамбовская область,1040,1040.0,678,555.8
2016-01-01,Тверская область,1297,1297.0,632,703.6
2016-01-01,Тульская область,1499,1499.0,655,629.0
2016-01-01,Ярославская область,1271,1271.0,616,580.1
2016-01-01,г. Москва,12381,12381.0,504,326.1
2016-01-01,Северо-Западный  федеральный округ,13899,13899.0,604,537.6
2016-01-01,Республика Карелия,627,627.0,665,684.0
2016-01-01,Республика Коми,850,850.0,752,691.1
2016-01-01,Архангельская область,1166,1166.0,685,635.1
2016-01-01,Ненецкий автономный округ,44,44.0,797,576.6
2016-01-01,Архангельская область  без автономного округа,1122,1122.0,681,637.5
2016-01-01,Вологодская область,1184,1184.0,644,632.7
2016-01-01,Калининградская область,986,986.0,696,521.9
2016-01-01,Ленинградская область,1792,1792.0,810,575.7
2016-01-01,Мурманская область,757,757.0,728,582.6
2016-01-01,Новгородская область,613,613.0,611,729.0
2016-01-01,Псковская область,642,642.0,686,701.8
2016-01-01,г. Санкт-Петербург,5282,5282.0,494,399.6
2016-01-01,Южный  федеральный округ,16429,16429.0,630,498.3
2016-01-01,Республика Адыгея,454,454.0,693,474.6
2016-01-01,Республика Калмыкия,278,278.0,738,427.7
2016-01-01,Республика Крым,1912,1912.0,465,606.5
2016-01-01,Краснодарский край,5571,5571.0,634,467.8
2016-01-01,Астраханская область,1019,1019.0,634,509.2
2016-01-01,Волгоградская область,2535,2535.0,689,498.5
2016-01-01,Ростовская область,4231,4231.0,684,489.5
2016-01-01,г. Севастополь,429,429.0,472,551.6
2016-01-01,Северо-Кавказский  федеральный округ,9776,9776.0,419,280.5
2016-01-01,Республика Дагестан,3042,3042.0,281,189.5
2016-01-01,Республика Ингушетия ,481,481.0,235,155.5
2016-01-01,Кабардино-Балкарская  Республика,865,865.0,495,315.4
2016-01-01,Карачаево-Черкесская Республика,466,466.0,602,348.6
2016-01-01,Республика Северная Осетия –  Алания,703,703.0,514,367.1
2016-01-01,Чеченская Республика ,1415,1415.0,149,197.8
2016-01-01,Ставропольский край,2804,2804.0,659,402.2
2017-01-01,Российская Федерация,146880,146880.0,582,484.5
2017-01-01,Центральный  федеральный округ,39311,39311.0,573,446.4
2017-01-01,Белгородская область,1550,1550.0,601,424.7
2017-01-01,Брянская область,1211,1211.0,644,582.2
2017-01-01,Владимирская область,1378,1378.0,631,597.2
2017-01-01,Воронежская область,2333,2333.0,557,481.3
2017-01-01,Ивановская область,1015,1015.0,613,574.5
2017-01-01,Калужская область,1012,1012.0,613,559.3
2017-01-01,Костромская область,643,643.0,629,508.4
2017-01-01,Курская область,1115,1115.0,641,539.6
2017-01-01,Липецкая область,1150,1150.0,611,513.2
2017-01-01,Московская область,7503,7503.0,594,449.5
2017-01-01,Орловская область,747,747.0,616,548.7
2017-01-01,Рязанская область,1122,1122.0,621,506.7
2017-01-01,Смоленская область,950,950.0,666,585.6
2017-01-01,Тамбовская область,1033,1033.0,638,497.6
2017-01-01,Тверская область,1284,1284.0,623,636.0
2017-01-01,Тульская область,1492,1492.0,608,589.3
2017-01-01,Ярославская область,1266,1266.0,595,537.4
2017-01-01,г. Москва,12507,12507.0,500,309.1
2017-01-01,Северо-Западный  федеральный округ,13952,13952.0,578,496.1
2017-01-01,Республика Карелия,622,622.0,637,638.0
2017-01-01,Республика Коми,841,841.0,712,602.4
2017-01-01,Архангельская область,1155,1155.0,617,568.4
2017-01-01,Ненецкий автономный округ,44,44.0,546,604.5
2017-01-01,Архангельская область  без автономного округа,1111,1111.0,619,566.9
2017-01-01,Вологодская область,1177,1177.0,609,559.8
2017-01-01,Калининградская область,995,995.0,644,479.9
2017-01-01,Ленинградская область,1814,1814.0,825,543.5
2017-01-01,Мурманская область,754,754.0,689,520.2
2017-01-01,Новгородская область,606,606.0,628,694.5
2017-01-01,Псковская область,636,636.0,641,657.4
2017-01-01,г. Санкт-Петербург,5352,5352.0,474,380.2
2017-01-01,Южный  федеральный округ,16442,16442.0,582,453.5
2017-01-01,Республика Адыгея,454,454.0,658,428.7
2017-01-01,Республика Калмыкия,275,275.0,701,405.5
2017-01-01,Республика Крым,1914,1914.0,470,524.3
2017-01-01,Краснодарский край,5603,5603.0,571,444.7
2017-01-01,Астраханская область,1017,1017.0,620,441.3
2017-01-01,Волгоградская область,2521,2521.0,638,447.6
2017-01-01,Ростовская область,4221,4221.0,622,448.2
2017-01-01,г. Севастополь,437,437.0,454,436.2
2017-01-01,Северо-Кавказский  федеральный округ,9823,9823.0,419,258.2
2017-01-01,Республика Дагестан,3064,3064.0,292,173.0
2017-01-01,Республика Ингушетия ,488,488.0,194,146.4
2017-01-01,Кабардино-Балкарская  Республика,865,865.0,510,305.1
2017-01-01,Карачаево-Черкесская Республика,466,466.0,576,292.2
2017-01-01,Республика Северная Осетия –  Алания,702,702.0,519,347.5
2017-01-01,Чеченская Республика ,1437,1437.0,149,185.6
2017-01-01,Ставропольский край,2801,2801.0,613,369.7
2018-01-01,Российская Федерация,146781,146781.0,654,482.2
2018-01-01,Центральный  федеральный округ,39378,39378.0,640,446.7
2018-01-01,Белгородская область,1548,1548.0,647,422.5
2018-01-01,Брянская область,1200,1200.0,742,577.9
2018-01-01,Владимирская область,1366,1366.0,678,593.9
2018-01-01,Воронежская область,2328,2328.0,665,474.5
2018-01-01,Ивановская область,1004,1004.0,698,584.4
2018-01-01,Калужская область,1009,1009.0,681,563.9
2018-01-01,Костромская область,637,637.0,716,531.9
2018-01-01,Курская область,1107,1107.0,710,535.6
2018-01-01,Липецкая область,1144,1144.0,698,527.3
2018-01-01,Московская область,7599,7599.0,596,439.7
2018-01-01,Орловская область,740,740.0,629,562.4
2018-01-01,Рязанская область,1114,1114.0,712,500.9
2018-01-01,Смоленская область,942,942.0,793,589.7
2018-01-01,Тамбовская область,1016,1016.0,695,509.8
2018-01-01,Тверская область,1270,1270.0,724,634.2
2018-01-01,Тульская область,1479,1479.0,715,571.1
2018-01-01,Ярославская область,1260,1260.0,691,536.7
2018-01-01,г. Москва,12615,12615.0,583,317.4
2018-01-01,Северо-Западный  федеральный округ,13972,13972.0,694,489.0
2018-01-01,Республика Карелия,618,618.0,626,677.8
2018-01-01,Республика Коми,830,830.0,819,607.7
2018-01-01,Архангельская область,1144,1144.0,745,569.3
2018-01-01,Ненецкий автономный округ,44,44.0,776,528.9
2018-01-01,Архангельская область  без автономного округа,1100,1100.0,744,570.9
2018-01-01,Вологодская область,1168,1168.0,733,567.2
2018-01-01,Калининградская область,1002,1002.0,743,476.4
2018-01-01,Ленинградская область,1848,1848.0,1005,525.2
2018-01-01,Мурманская область,748,748.0,772,547.8
2018-01-01,Новгородская область,600,600.0,840,652.6
2018-01-01,Псковская область,630,630.0,742,654.9
2018-01-01,г. Санкт-Петербург,5384,5384.0,589,364.5
2018-01-01,Южный  федеральный округ,16455,16455.0,639,445.9
2018-01-01,Республика Адыгея,455,455.0,799,442.5
2018-01-01,Республика Калмыкия,272,272.0,779,399.3
2018-01-01,Республика Крым,1912,1912.0,592,537.1
2018-01-01,Краснодарский край,5648,5648.0,553,417.2
2018-01-01,Астраханская область,1014,1014.0,729,417.8
2018-01-01,Волгоградская область,2508,2508.0,754,457.6
2018-01-01,Ростовская область,4203,4203.0,700,444.5
2018-01-01,г. Севастополь,443,443.0,579,468.7
2018-01-01,Северо-Кавказский  федеральный округ,9867,9867.0,446,256.2
2018-01-01,Республика Дагестан,3086,3086.0,304,166.5
2018-01-01,Республика Ингушетия ,498,498.0,211,142.4
2018-01-01,Кабардино-Балкарская  Республика,866,866.0,537,283.9
2018-01-01,Карачаево-Черкесская Республика,466,466.0,693,327.2
2018-01-01,Республика Северная Осетия –  Алания,699,699.0,547,370.3
2018-01-01,Чеченская Республика ,1457,1457.0,114,166.1
2018-01-01,Ставропольский край,2795,2795.0,702,378.6
2005-01-01,Приволжский  федеральный округ,30453,30453.0,558,832.9
2005-01-01,Республика Башкортостан,4066,4066.0,466,701.7
2005-01-01,Республика Марий Эл,713,713.0,466,950.6
2005-01-01,Республика Мордовия,865,865.0,537,744.4
2005-01-01,Республика Татарстан,3762,3762.0,529,674.6
2005-01-01,Удмуртская Республика,1546,1546.0,468,870.1
2005-01-01,Чувашская Республика,1279,1279.0,519,757.0
2005-01-01,Пермский край,2719,2719.0,557,1065.2
2005-01-01,Кировская область,1419,1419.0,620,967.9
2005-01-01,Нижегородская область ,3414,3414.0,720,1004.7
2005-01-01,Оренбургская область,2093,2093.0,579,810.4
2005-01-01,Пензенская область,1420,1420.0,533,848.2
2005-01-01,Самарская область,3226,3226.0,571,789.2
2005-01-01,Саратовская область,2591,2591.0,566,804.2
2005-01-01,Ульяновская область,1340,1340.0,591,822.4
2005-01-01,Уральский  федеральный округ,12129,12129.0,597,818.2
2005-01-01,Курганская область,962,962.0,502,909.2
2005-01-01,Свердловская область ,4356,4356.0,563,886.7
2005-01-01,Тюменская область,3294,3294.0,614,652.6
2005-01-01,Ханты-Мансийский автономный  округ – Югра,1468,1468.0,689,571.5
2005-01-01,Ямало-Ненецкий автономный  округ,517,517.0,708,555.2
2005-01-01,Тюменская область  без автономных округов,1309,1309.0,476,795.7
2005-01-01,Челябинская область,3517,3517.0,647,881.0
2005-01-01,Сибирский  федеральный округ,17404,17404.0,607,990.2
2005-01-01,Республика Алтай,202,202.0,407,1042.6
2005-01-01,Республика Тыва,303,303.0,268,1294.4
2005-01-01,Республика Хакасия,534,534.0,582,1099.9
2005-01-01,Алтайский край,2503,2503.0,627,853.7
2005-01-01,Красноярский край,2869,2869.0,762,970.7
2005-01-01,Иркутская область,2492,2492.0,581,1188.8
2005-01-01,Кемеровская область,2806,2806.0,591,1114.5
2005-01-01,Новосибирская область ,2655,2655.0,581,841.8
2005-01-01,Омская область,2016,2016.0,519,808.0
2005-01-01,Томская область,1024,1024.0,605,788.7
2005-01-01,Дальневосточный  федеральный округ,8551,8551.0,609,1014.2
2005-01-01,Республика Бурятия,967,967.0,614,1084.3
2005-01-01,Республика Саха (Якутия),954,954.0,522,773.6
2005-01-01,Забайкальский край,1124,1124.0,504,1242.8
2005-01-01,Камчатский край,337,337.0,612,865.9
2005-01-01,Приморский край,2007,2007.0,686,983.8
2005-01-01,Хабаровский край ,1376,1376.0,598,1084.3
2005-01-01,Амурская область,861,861.0,604,1136.1
2005-01-01,Магаданская область,170,170.0,772,1010.4
2005-01-01,Сахалинская область,521,521.0,649,1190.8
2005-01-01,Еврейская автономная область,182,182.0,592,1254.3
2005-01-01,Чукотский автономный округ,52,52.0,733,1030.1
2010-01-01,Приволжский  федеральный округ,29880,29880.0,511,675.6
2010-01-01,Республика Башкортостан,4072,4072.0,477,627.5
2010-01-01,Республика Марий Эл,695,695.0,493,735.8
2010-01-01,Республика Мордовия,834,834.0,507,613.2
2010-01-01,Республика Татарстан,3787,3787.0,444,550.5
2010-01-01,Удмуртская Республика,1520,1520.0,428,696.2
2010-01-01,Чувашская Республика,1251,1251.0,463,674.1
2010-01-01,Пермский край,2634,2634.0,459,800.0
2010-01-01,Кировская область,1339,1339.0,523,717.1
2010-01-01,Нижегородская область ,3308,3308.0,587,780.7
2010-01-01,Оренбургская область,2032,2032.0,527,693.5
2010-01-01,Пензенская область,1384,1384.0,574,628.5
2010-01-01,Самарская область,3215,3215.0,563,688.3
2010-01-01,Саратовская область,2519,2519.0,566,638.8
2010-01-01,Ульяновская область,1290,1290.0,549,682.9
2010-01-01,Уральский  федеральный округ,12087,12087.0,562,633.2
2010-01-01,Курганская область,909,909.0,552,738.7
2010-01-01,Свердловская область ,4297,4297.0,524,650.4
2010-01-01,Тюменская область,3405,3405.0,573,556.2
2010-01-01,Ханты-Мансийский автономный  округ – Югра,1537,1537.0,625,510.3
2010-01-01,Ямало-Ненецкий автономный  округ,525,525.0,682,461.7
2010-01-01,Тюменская область  без автономных округов,1343,1343.0,470,654.0
2010-01-01,Челябинская область,3476,3476.0,599,667.8
2010-01-01,Сибирский  федеральный округ,17174,17174.0,539,733.7
2010-01-01,Республика Алтай,207,207.0,472,755.4
2010-01-01,Республика Тыва,308,308.0,296,1007.7
2010-01-01,Республика Хакасия,532,532.0,488,713.3
2010-01-01,Алтайский край,2417,2417.0,566,668.0
2010-01-01,Красноярский край,2829,2829.0,565,699.6
2010-01-01,Иркутская область,2428,2428.0,526,849.4
2010-01-01,Кемеровская область,2761,2761.0,567,880.0
2010-01-01,Новосибирская область ,2666,2666.0,529,611.1
2010-01-01,Омская область,1977,1977.0,503,638.6
2010-01-01,Томская область,1049,1049.0,553,619.5
2010-01-01,Дальневосточный  федеральный округ,8363,8363.0,560,809.3
2010-01-01,Республика Бурятия,972,972.0,459,776.3
2010-01-01,Республика Саха (Якутия),958,958.0,536,725.5
2010-01-01,Забайкальский край,1106,1106.0,507,824.3
2010-01-01,Камчатский край,322,322.0,674,797.8
2010-01-01,Приморский край,1953,1953.0,564,749.8
2010-01-01,Хабаровский край ,1343,1343.0,587,817.8
2010-01-01,Амурская область,829,829.0,568,891.6
2010-01-01,Магаданская область,156,156.0,668,914.4
2010-01-01,Сахалинская область,497,497.0,633,918.5
2010-01-01,Еврейская автономная область,176,176.0,601,940.3
2010-01-01,Чукотский автономный округ,51,51.0,753,1328.4
2011-01-01,Приволжский  федеральный округ,29811,29811.0,487,646.8
2011-01-01,Республика Башкортостан,4064,4064.0,471,646.0
2011-01-01,Республика Марий Эл,692,692.0,437,724.6
2011-01-01,Республика Мордовия,825,825.0,475,596.6
2011-01-01,Республика Татарстан,3803,3803.0,409,529.8
2011-01-01,Удмуртская Республика,1518,1518.0,400,667.5
2011-01-01,Чувашская Республика,1247,1247.0,416,639.2
2011-01-01,Пермский край,2631,2631.0,436,744.5
2011-01-01,Кировская область,1328,1328.0,502,670.0
2011-01-01,Нижегородская область ,3297,3297.0,547,707.6
2011-01-01,Оренбургская область,2024,2024.0,550,678.6
2011-01-01,Пензенская область,1377,1377.0,579,601.2
2011-01-01,Самарская область,3214,3214.0,522,664.9
2011-01-01,Саратовская область,2509,2509.0,554,604.7
2011-01-01,Ульяновская область,1282,1282.0,533,629.3
2011-01-01,Уральский  федеральный округ,12143,12143.0,546,611.4
2011-01-01,Курганская область,896,896.0,559,720.4
2011-01-01,Свердловская область ,4307,4307.0,511,633.2
2011-01-01,Тюменская область,3460,3460.0,559,519.3
2011-01-01,Ханты-Мансийский автономный  округ – Югра,1561,1561.0,594,473.3
2011-01-01,Ямало-Ненецкий автономный  округ,537,537.0,628,458.2
2011-01-01,Тюменская область  без автономных округов,1362,1362.0,487,603.4
2011-01-01,Челябинская область,3480,3480.0,574,656.8
2011-01-01,Сибирский  федеральный округ,17190,17190.0,543,705.7
2011-01-01,Республика Алтай,209,209.0,488,779.8
2011-01-01,Республика Тыва,309,309.0,309,918.5
2011-01-01,Республика Хакасия,532,532.0,511,689.6
2011-01-01,Алтайский край,2407,2407.0,588,646.4
2011-01-01,Красноярский край,2838,2838.0,445,668.0
2011-01-01,Иркутская область,2424,2424.0,640,817.8
2011-01-01,Кемеровская область,2751,2751.0,595,846.5
2011-01-01,Новосибирская область ,2687,2687.0,534,588.8
2011-01-01,Омская область,1975,1975.0,490,603.7
2011-01-01,Томская область,1058,1058.0,589,586.3
2011-01-01,Дальневосточный  федеральный округ,8337,8337.0,563,774.0
2011-01-01,Республика Бурятия,971,971.0,461,797.5
2011-01-01,Республика Саха (Якутия),956,956.0,528,679.0
2011-01-01,Забайкальский край,1100,1100.0,513,783.7
2011-01-01,Камчатский край,320,320.0,644,737.4
2011-01-01,Приморский край,1951,1951.0,546,718.5
2011-01-01,Хабаровский край ,1342,1342.0,593,791.3
2011-01-01,Амурская область,821,821.0,620,873.7
2011-01-01,Магаданская область,155,155.0,693,849.6
2011-01-01,Сахалинская область,495,495.0,685,886.9
2011-01-01,Еврейская автономная область,175,175.0,590,929.7
2011-01-01,Чукотский автономный округ,51,51.0,789,1010.6
2012-01-01,Приволжский  федеральный округ,29772,29772.0,514,617.5
2012-01-01,Республика Башкортостан,4061,4061.0,522,640.6
2012-01-01,Республика Марий Эл,690,690.0,500,664.1
2012-01-01,Республика Мордовия,819,819.0,523,579.7
2012-01-01,Республика Татарстан,3822,3822.0,385,505.8
2012-01-01,Удмуртская Республика,1518,1518.0,444,611.6
2012-01-01,Чувашская Республика,1244,1244.0,479,601.9
2012-01-01,Пермский край,2634,2634.0,496,686.9
2012-01-01,Кировская область,1319,1319.0,546,639.6
2012-01-01,Нижегородская область ,3290,3290.0,551,671.3
2012-01-01,Оренбургская область,2016,2016.0,571,666.7
2012-01-01,Пензенская область,1369,1369.0,581,566.7
2012-01-01,Самарская область,3213,3213.0,544,640.1
2012-01-01,Саратовская область,2503,2503.0,595,588.3
2012-01-01,Ульяновская область,1274,1274.0,532,576.8
2012-01-01,Уральский  федеральный округ,12198,12198.0,578,596.0
2012-01-01,Курганская область,886,886.0,578,710.4
2012-01-01,Свердловская область ,4316,4316.0,538,620.6
2012-01-01,Тюменская область,3511,3511.0,589,502.5
2012-01-01,Ханты-Мансийский автономный  округ – Югра,1584,1584.0,623,451.9
2012-01-01,Ямало-Ненецкий автономный  округ,542,542.0,645,443.1
2012-01-01,Тюменская область  без автономных округов,1385,1385.0,526,592.0
2012-01-01,Челябинская область,3485,3485.0,618,640.1
2012-01-01,Сибирский  федеральный округ,17211,17211.0,553,685.8
2012-01-01,Республика Алтай,210,210.0,473,714.8
2012-01-01,Республика Тыва,310,310.0,295,947.5
2012-01-01,Республика Хакасия,533,533.0,572,662.7
2012-01-01,Алтайский край,2399,2399.0,576,637.2
2012-01-01,Красноярский край,2847,2847.0,467,642.4
2012-01-01,Иркутская область,2422,2422.0,684,809.9
2012-01-01,Кемеровская область,2742,2742.0,583,803.1
2012-01-01,Новосибирская область ,2710,2710.0,538,590.0
2012-01-01,Омская область,1974,1974.0,516,600.6
2012-01-01,Томская область,1064,1064.0,554,558.4
2012-01-01,Дальневосточный  федеральный округ,8319,8319.0,582,725.4
2012-01-01,Республика Бурятия,972,972.0,537,738.7
2012-01-01,Республика Саха (Якутия),956,956.0,548,649.4
2012-01-01,Забайкальский край,1095,1095.0,595,751.7
2012-01-01,Камчатский край,320,320.0,691,669.4
2012-01-01,Приморский край,1947,1947.0,535,677.2
2012-01-01,Хабаровский край ,1342,1342.0,599,718.9
2012-01-01,Амурская область,817,817.0,610,828.6
2012-01-01,Магаданская область,152,152.0,677,831.0
2012-01-01,Сахалинская область,494,494.0,669,825.9
2012-01-01,Еврейская автономная область,173,173.0,586,891.3
2012-01-01,Чукотский автономный округ,51,51.0,696,1053.2
2013-01-01,Приволжский  федеральный округ,29739,29739.0,516,617.1
2013-01-01,Республика Башкортостан,4070,4070.0,514,647.5
2013-01-01,Республика Марий Эл,688,688.0,538,662.2
2013-01-01,Республика Мордовия,812,812.0,595,586.2
2013-01-01,Республика Татарстан,3838,3838.0,405,499.4
2013-01-01,Удмуртская Республика,1517,1517.0,478,622.2
2013-01-01,Чувашская Республика,1240,1240.0,502,595.3
2013-01-01,Пермский край,2636,2636.0,523,678.1
2013-01-01,Кировская область,1311,1311.0,600,634.1
2013-01-01,Нижегородская область ,3281,3281.0,491,658.1
2013-01-01,Оренбургская область,2009,2009.0,486,670.5
2013-01-01,Пензенская область,1361,1361.0,630,539.5
2013-01-01,Самарская область,3211,3211.0,509,672.0
2013-01-01,Саратовская область,2497,2497.0,620,572.3
2013-01-01,Ульяновская область,1268,1268.0,593,588.7
2013-01-01,Уральский  федеральный округ,12234,12234.0,563,588.2
2013-01-01,Курганская область,877,877.0,623,755.1
2013-01-01,Свердловская область ,4321,4321.0,564,617.2
2013-01-01,Тюменская область,3546,3546.0,582,487.7
2013-01-01,Ханты-Мансийский автономный  округ – Югра,1597,1597.0,599,442.1
2013-01-01,Ямало-Ненецкий автономный  округ,540,540.0,605,420.6
2013-01-01,Тюменская область  без автономных округов,1409,1409.0,554,573.4
2013-01-01,Челябинская область,3490,3490.0,524,623.4
2013-01-01,Сибирский  федеральный округ,17228,17228.0,583,669.0
2013-01-01,Республика Алтай,211,211.0,576,682.6
2013-01-01,Республика Тыва,312,312.0,319,944.7
2013-01-01,Республика Хакасия,534,534.0,457,645.2
2013-01-01,Алтайский край,2391,2391.0,654,623.1
2013-01-01,Красноярский край,2853,2853.0,481,634.9
2013-01-01,Иркутская область,2418,2418.0,612,784.3
2013-01-01,Кемеровская область,2734,2734.0,635,762.9
2013-01-01,Новосибирская область ,2731,2731.0,604,590.6
2013-01-01,Омская область,1974,1974.0,565,610.6
2013-01-01,Томская область,1070,1070.0,642,560.0
2013-01-01,Дальневосточный  федеральный округ,8291,8291.0,605,690.1
2013-01-01,Республика Бурятия,974,974.0,570,684.8
2013-01-01,Республика Саха (Якутия),955,955.0,565,590.6
2013-01-01,Забайкальский край,1090,1090.0,528,706.6
2013-01-01,Камчатский край,320,320.0,703,698.3
2013-01-01,Приморский край,1938,1938.0,607,668.9
2013-01-01,Хабаровский край ,1340,1340.0,635,669.9
2013-01-01,Амурская область,811,811.0,667,794.6
2013-01-01,Магаданская область,150,150.0,684,761.5
2013-01-01,Сахалинская область,491,491.0,590,737.0
2013-01-01,Еврейская автономная область,171,171.0,647,865.1
2013-01-01,Чукотский автономный округ,51,51.0,689,987.6
2014-01-01,Приволжский  федеральный округ,29715,29715.0,562,623.4
2014-01-01,Республика Башкортостан,4072,4072.0,534,651.2
2014-01-01,Республика Марий Эл,687,687.0,572,687.6
2014-01-01,Республика Мордовия,809,809.0,574,563.4
2014-01-01,Республика Татарстан,3855,3855.0,464,509.4
2014-01-01,Удмуртская Республика,1518,1518.0,519,633.4
2014-01-01,Чувашская Республика,1238,1238.0,522,626.1
2014-01-01,Пермский край,2637,2637.0,543,671.7
2014-01-01,Кировская область,1304,1304.0,646,635.7
2014-01-01,Нижегородская область ,3270,3270.0,587,662.9
2014-01-01,Оренбургская область,2001,2001.0,603,688.9
2014-01-01,Пензенская область,1356,1356.0,654,547.0
2014-01-01,Самарская область,3213,3213.0,589,672.7
2014-01-01,Саратовская область,2493,2493.0,623,570.5
2014-01-01,Ульяновская область,1262,1262.0,588,615.7
2014-01-01,Уральский  федеральный округ,12276,12276.0,622,599.4
2014-01-01,Курганская область,870,870.0,671,709.1
2014-01-01,Свердловская область ,4327,4327.0,584,642.4
2014-01-01,Тюменская область,3581,3581.0,622,497.7
2014-01-01,Ханты-Мансийский автономный  округ – Югра,1612,1612.0,635,455.6
2014-01-01,Ямало-Ненецкий автономный  округ,540,540.0,649,437.1
2014-01-01,Тюменская область  без автономных округов,1429,1429.0,597,575.5
2014-01-01,Челябинская область,3498,3498.0,658,633.3
2014-01-01,Сибирский  федеральный округ,17247,17247.0,625,669.9
2014-01-01,Республика Алтай,214,214.0,641,676.9
2014-01-01,Республика Тыва,314,314.0,319,943.5
2014-01-01,Республика Хакасия,536,536.0,596,657.3
2014-01-01,Алтайский край,2385,2385.0,717,611.8
2014-01-01,Красноярский край,2859,2859.0,521,631.4
2014-01-01,Иркутская область,2415,2415.0,643,798.7
2014-01-01,Кемеровская область,2725,2725.0,689,771.7
2014-01-01,Новосибирская область ,2747,2747.0,646,596.1
2014-01-01,Омская область,1978,1978.0,602,603.7
2014-01-01,Томская область,1074,1074.0,616,562.0
2014-01-01,Дальневосточный  федеральный округ,8276,8276.0,637,680.5
2014-01-01,Республика Бурятия,978,978.0,609,668.4
2014-01-01,Республика Саха (Якутия),957,957.0,566,571.2
2014-01-01,Забайкальский край,1087,1087.0,627,713.8
2014-01-01,Камчатский край,317,317.0,677,663.2
2014-01-01,Приморский край,1933,1933.0,616,655.3
2014-01-01,Хабаровский край ,1338,1338.0,653,689.4
2014-01-01,Амурская область,810,810.0,692,752.3
2014-01-01,Магаданская область,148,148.0,752,802.3
2014-01-01,Сахалинская область,488,488.0,683,743.6
2014-01-01,Еврейская автономная область,169,169.0,741,845.5
2014-01-01,Чукотский автономный округ,51,51.0,748,953.4
2015-01-01,Приволжский  федеральный округ,29674,29674.0,517,599.7
2015-01-01,Республика Башкортостан,4071,4071.0,511,639.9
2015-01-01,Республика Марий Эл,686,686.0,500,668.3
2015-01-01,Республика Мордовия,807,807.0,501,525.9
2015-01-01,Республика Татарстан,3869,3869.0,440,477.1
2015-01-01,Удмуртская Республика,1517,1517.0,463,606.5
2015-01-01,Чувашская Республика,1237,1237.0,457,588.1
2015-01-01,Пермский край,2634,2634.0,493,678.2
2015-01-01,Кировская область,1297,1297.0,566,604.6
2015-01-01,Нижегородская область ,3260,3260.0,524,628.6
2015-01-01,Оренбургская область,1995,1995.0,565,660.4
2015-01-01,Пензенская область,1349,1349.0,571,524.2
2015-01-01,Самарская область,3206,3206.0,551,629.8
2015-01-01,Саратовская область,2488,2488.0,608,547.5
2015-01-01,Ульяновская область,1258,1258.0,516,631.2
2015-01-01,Уральский  федеральный округ,12308,12308.0,573,598.7
2015-01-01,Курганская область,862,862.0,643,715.5
2015-01-01,Свердловская область ,4330,4330.0,535,650.2
2015-01-01,Тюменская область,3615,3615.0,595,479.6
2015-01-01,Ханты-Мансийский автономный  округ – Югра,1626,1626.0,613,432.3
2015-01-01,Ямало-Ненецкий автономный  округ,534,534.0,647,427.7
2015-01-01,Тюменская область  без автономных округов,1455,1455.0,554,559.4
2015-01-01,Челябинская область,3501,3501.0,581,641.5
2015-01-01,Сибирский  федеральный округ,17259,17259.0,581,652.6
2015-01-01,Республика Алтай,215,215.0,556,635.2
2015-01-01,Республика Тыва,316,316.0,306,880.5
2015-01-01,Республика Хакасия,537,537.0,550,667.0
2015-01-01,Алтайский край,2377,2377.0,658,597.5
2015-01-01,Красноярский край,2866,2866.0,559,621.6
2015-01-01,Иркутская область,2413,2413.0,555,780.2
2015-01-01,Кемеровская область,2718,2718.0,643,753.8
2015-01-01,Новосибирская область ,2762,2762.0,575,574.3
2015-01-01,Омская область,1978,1978.0,557,590.0
2015-01-01,Томская область,1077,1077.0,570,539.4
2015-01-01,Дальневосточный  федеральный округ,8260,8260.0,582,659.5
2015-01-01,Республика Бурятия,982,982.0,508,639.8
2015-01-01,Республика Саха (Якутия),960,960.0,533,552.8
2015-01-01,Забайкальский край,1083,1083.0,550,698.4
2015-01-01,Камчатский край,316,316.0,608,649.0
2015-01-01,Приморский край,1929,1929.0,561,633.3
2015-01-01,Хабаровский край ,1334,1334.0,614,648.8
2015-01-01,Амурская область,806,806.0,652,753.5
2015-01-01,Магаданская область,147,147.0,732,730.0
2015-01-01,Сахалинская область,487,487.0,666,740.5
2015-01-01,Еврейская автономная область,166,166.0,611,885.2
2015-01-01,Чукотский автономный округ,50,50.0,677,865.8
2016-01-01,Приволжский  федеральный округ,29637,29637.0,625,565.6
2016-01-01,Республика Башкортостан,4067,4067.0,618,595.5
2016-01-01,Республика Марий Эл,685,685.0,688,605.7
2016-01-01,Республика Мордовия,808,808.0,623,509.1
2016-01-01,Республика Татарстан,3885,3885.0,522,440.5
2016-01-01,Удмуртская Республика,1517,1517.0,620,593.9
2016-01-01,Чувашская Республика,1236,1236.0,614,576.4
2016-01-01,Пермский край,2632,2632.0,623,656.4
2016-01-01,Кировская область,1292,1292.0,714,571.4
2016-01-01,Нижегородская область ,3248,3248.0,610,593.1
2016-01-01,Оренбургская область,1990,1990.0,680,608.3
2016-01-01,Пензенская область,1342,1342.0,677,508.5
2016-01-01,Самарская область,3203,3203.0,653,596.8
2016-01-01,Саратовская область,2479,2479.0,689,499.3
2016-01-01,Ульяновская область,1253,1253.0,590,608.7
2016-01-01,Уральский  федеральный округ,12345,12345.0,668,579.3
2016-01-01,Курганская область,854,854.0,741,697.7
2016-01-01,Свердловская область ,4329,4329.0,627,644.0
2016-01-01,Тюменская область,3660,3660.0,691,459.7
2016-01-01,Ханты-Мансийский автономный  округ – Югра,1646,1646.0,717,407.9
2016-01-01,Ямало-Ненецкий автономный  округ,536,536.0,733,424.6
2016-01-01,Тюменская область  без автономных округов,1478,1478.0,641,536.9
2016-01-01,Челябинская область,3502,3502.0,678,607.7
2016-01-01,Сибирский  федеральный округ,17263,17263.0,662,624.8
2016-01-01,Республика Алтай,217,217.0,658,529.5
2016-01-01,Республика Тыва,318,318.0,290,830.8
2016-01-01,Республика Хакасия,537,537.0,704,642.1
2016-01-01,Алтайский край,2366,2366.0,717,583.8
2016-01-01,Красноярский край,2875,2875.0,666,611.6
2016-01-01,Иркутская область,2409,2409.0,661,730.7
2016-01-01,Кемеровская область,2709,2709.0,718,724.3
2016-01-01,Новосибирская область ,2780,2780.0,625,548.8
2016-01-01,Омская область,1973,1973.0,647,566.8
2016-01-01,Томская область,1079,1079.0,612,513.2
2016-01-01,Дальневосточный  федеральный округ,8246,8246.0,661,641.5
2016-01-01,Республика Бурятия,984,984.0,633,611.9
2016-01-01,Республика Саха (Якутия),963,963.0,661,532.2
2016-01-01,Забайкальский край,1079,1079.0,675,649.4
2016-01-01,Камчатский край,315,315.0,714,672.3
2016-01-01,Приморский край,1923,1923.0,610,615.9
2016-01-01,Хабаровский край ,1333,1333.0,672,645.4
2016-01-01,Амурская область,802,802.0,705,715.7
2016-01-01,Магаданская область,146,146.0,858,699.1
2016-01-01,Сахалинская область,487,487.0,688,720.5
2016-01-01,Еврейская автономная область,164,164.0,631,798.1
2016-01-01,Чукотский автономный округ,50,50.0,733,827.0
2017-01-01,Приволжский  федеральный округ,29543,29543.0,585,519.8
2017-01-01,Республика Башкортостан,4063,4063.0,558,554.3
2017-01-01,Республика Марий Эл,682,682.0,619,525.1
2017-01-01,Республика Мордовия,805,805.0,570,443.2
2017-01-01,Республика Татарстан,3895,3895.0,504,417.2
2017-01-01,Удмуртская Республика,1513,1513.0,546,531.7
2017-01-01,Чувашская Республика,1231,1231.0,542,512.8
2017-01-01,Пермский край,2623,2623.0,577,590.9
2017-01-01,Кировская область,1283,1283.0,711,508.3
2017-01-01,Нижегородская область ,3235,3235.0,595,536.8
2017-01-01,Оренбургская область,1978,1978.0,626,581.9
2017-01-01,Пензенская область,1332,1332.0,648,471.3
2017-01-01,Самарская область,3193,3193.0,611,564.4
2017-01-01,Саратовская область,2463,2463.0,641,473.4
2017-01-01,Ульяновская область,1247,1247.0,586,520.3
2017-01-01,Уральский  федеральный округ,12356,12356.0,628,526.1
2017-01-01,Курганская область,846,846.0,710,630.1
2017-01-01,Свердловская область ,4325,4325.0,605,580.6
2017-01-01,Тюменская область,3692,3692.0,631,431.2
2017-01-01,Ханты-Мансийский автономный  округ – Югра,1655,1655.0,648,394.5
2017-01-01,Ямало-Ненецкий автономный  округ,538,538.0,646,381.2
2017-01-01,Тюменская область  без автономных округов,1499,1499.0,604,495.6
2017-01-01,Челябинская область,3493,3493.0,638,543.6
2017-01-01,Сибирский  федеральный округ,17230,17230.0,618,583.9
2017-01-01,Республика Алтай,218,218.0,583,511.7
2017-01-01,Республика Тыва,322,322.0,251,729.1
2017-01-01,Республика Хакасия,538,538.0,620,582.5
2017-01-01,Алтайский край,2350,2350.0,704,562.2
2017-01-01,Красноярский край,2876,2876.0,611,573.5
2017-01-01,Иркутская область,2404,2404.0,582,660.6
2017-01-01,Кемеровская область,2695,2695.0,671,682.2
2017-01-01,Новосибирская область ,2789,2789.0,614,537.4
2017-01-01,Омская область,1960,1960.0,615,532.2
2017-01-01,Томская область,1078,1078.0,572,494.1
2017-01-01,Дальневосточный  федеральный округ,8223,8223.0,620,589.3
2017-01-01,Республика Бурятия,985,985.0,551,546.2
2017-01-01,Республика Саха (Якутия),964,964.0,581,516.7
2017-01-01,Забайкальский край,1073,1073.0,625,563.3
2017-01-01,Камчатский край,316,316.0,650,577.3
2017-01-01,Приморский край,1913,1913.0,592,584.3
2017-01-01,Хабаровский край ,1328,1328.0,664,603.3
2017-01-01,Амурская область,798,798.0,650,630.9
2017-01-01,Магаданская область,144,144.0,730,678.2
2017-01-01,Сахалинская область,490,490.0,680,601.7
2017-01-01,Еврейская автономная область,162,162.0,629,595.5
2017-01-01,Чукотский автономный округ,50,50.0,670,822.7
2018-01-01,Приволжский  федеральный округ,29397,29397.0,648,518.8
2018-01-01,Республика Башкортостан,4051,4051.0,606,553.1
2018-01-01,Республика Марий Эл,681,681.0,728,543.5
2018-01-01,Республика Мордовия,795,795.0,686,448.9
2018-01-01,Республика Татарстан,3899,3899.0,541,409.2
2018-01-01,Удмуртская Республика,1507,1507.0,566,520.2
2018-01-01,Чувашская Республика,1223,1223.0,605,520.6
2018-01-01,Пермский край,2611,2611.0,651,609.4
2018-01-01,Кировская область,1272,1272.0,767,528.8
2018-01-01,Нижегородская область ,3215,3215.0,647,542.7
2018-01-01,Оренбургская область,1963,1963.0,656,571.5
2018-01-01,Пензенская область,1318,1318.0,733,479.6
2018-01-01,Самарская область,3183,3183.0,720,530.7
2018-01-01,Саратовская область,2441,2441.0,737,469.2
2018-01-01,Ульяновская область,1238,1238.0,648,548.3
2018-01-01,Уральский  федеральный округ,12350,12350.0,730,519.8
2018-01-01,Курганская область,835,835.0,724,621.6
2018-01-01,Свердловская область ,4316,4316.0,690,575.8
2018-01-01,Тюменская область,3723,3723.0,758,421.2
2018-01-01,Ханты-Мансийский автономный  округ – Югра,1664,1664.0,780,380.0
2018-01-01,Ямало-Ненецкий автономный  округ,541,541.0,839,359.9
2018-01-01,Тюменская область  без автономных округов,1518,1518.0,704,495.0
2018-01-01,Челябинская область,3476,3476.0,750,541.6
2018-01-01,Сибирский  федеральный округ,17173,17173.0,690,585.2
2018-01-01,Республика Алтай,219,219.0,622,513.9
2018-01-01,Республика Тыва,324,324.0,348,682.6
2018-01-01,Республика Хакасия,537,537.0,653,561.4
2018-01-01,Алтайский край,2333,2333.0,759,577.5
2018-01-01,Красноярский край,2874,2874.0,718,583.4
2018-01-01,Иркутская область,2398,2398.0,647,655.2
2018-01-01,Кемеровская область,2674,2674.0,724,703.8
2018-01-01,Новосибирская область ,2793,2793.0,711,521.6
2018-01-01,Омская область,1944,1944.0,688,517.3
2018-01-01,Томская область,1077,1077.0,582,451.9
2018-01-01,Дальневосточный  федеральный округ,8189,8189.0,692,589.7
2018-01-01,Республика Бурятия,983,983.0,630,547.1
2018-01-01,Республика Саха (Якутия),967,967.0,545,468.8
2018-01-01,Забайкальский край,1066,1066.0,728,604.3
2018-01-01,Камчатский край,315,315.0,703,609.6
2018-01-01,Приморский край,1902,1902.0,689,595.9
2018-01-01,Хабаровский край ,1321,1321.0,755,600.2
2018-01-01,Амурская область,794,794.0,713,654.6
2018-01-01,Магаданская область,141,141.0,725,667.8
2018-01-01,Сахалинская область,490,490.0,746,631.8
2018-01-01,Еврейская автономная область,160,160.0,800,641.4
2018-01-01,Чукотский автономный округ,50,50.0,671,954.6
